,date,open,high,low,close,adjcp,volume
0,2017-06-26,12.17,12.17,12.17,12.17,12.17,"257,745"
1,2017-06-27,13.39,13.39,13.39,13.39,13.39,"123,725"
2,2017-06-28,14.73,14.73,14.73,14.73,14.73,"1,149,421"
3,2017-06-29,16.19,16.2,15.88,16.2,16.2,"43,571,760"
4,2017-06-30,16.79,17.78,16.34,17.01,17.01,"177,872,150"
5,2017-07-03,16.56,16.97,16.36,16.86,16.86,"94,022,194"
6,2017-07-04,16.85,18.12,16.85,17.2,17.2,"107,768,676"
7,2017-07-05,17.07,18.92,16.98,18.92,18.92,"152,242,710"
8,2017-07-06,18.95,19.18,18.02,18.71,18.71,"137,207,520"
9,2017-07-07,18.36,18.99,18.03,18.56,18.56,"112,203,290"
10,2017-07-10,18.11,18.43,17.4,17.59,17.59,"92,958,345"
11,2017-07-11,17.48,18.28,17.47,17.7,17.7,"81,305,463"
12,2017-07-12,17.4,17.64,16.87,17.37,17.37,"64,878,921"
13,2017-07-13,17.1,17.75,17,17.35,17.35,"59,017,407"
14,2017-07-14,17.23,18.18,17.2,17.76,17.76,"69,873,576"
15,2017-07-17,17.62,17.86,15.98,16.04,16.04,"78,372,860"
16,2017-07-18,15.87,16.29,15.62,16.1,16.1,"50,292,083"
17,2017-07-19,15.96,17.2,15.63,17.17,17.17,"85,713,519"
18,2017-07-20,16.92,17.24,16.64,16.7,16.7,"63,440,192"
19,2017-07-21,16.57,16.88,16.15,16.24,16.24,"42,310,595"
20,2017-07-24,16.18,16.45,16.06,16.35,16.35,"32,951,160"
21,2017-07-25,16.3,16.52,16.03,16.13,16.13,"28,809,309"
22,2017-07-26,16.1,16.34,15.71,16.01,16.01,"34,795,649"
23,2017-07-27,15.9,17.09,15.68,16.52,16.52,"61,560,727"
24,2017-07-28,16.32,16.38,15.9,16.06,16.06,"39,382,863"
25,2017-07-31,16.06,16.49,15.92,16.34,16.34,"38,643,441"
26,2017-08-01,16.39,17.17,16.36,16.68,16.68,"65,911,080"
27,2017-08-02,16.5,18.1,16.4,17.45,17.45,"96,941,148"
28,2017-08-03,17.32,17.55,17.03,17.19,17.19,"56,975,723"
29,2017-08-04,17.11,18.66,17.07,17.89,17.89,"95,710,679"
30,2017-08-07,17.95,18.87,17.81,18.12,18.12,"74,740,200"
31,2017-08-08,17.81,18.8,17.41,18.76,18.76,"91,991,534"
32,2017-08-09,18.49,18.65,17.82,17.88,17.88,"68,851,756"
33,2017-08-10,17.7,19.67,17.61,18.66,18.66,"98,037,150"
34,2017-08-11,18.12,18.88,17.3,17.54,17.54,"85,596,151"
35,2017-08-14,17.5,18.08,17.32,17.9,17.9,"51,827,786"
36,2017-08-15,17.77,18.25,17.61,17.85,17.85,"46,256,026"
37,2017-08-16,17.75,18.78,17.47,18.38,18.38,"80,472,254"
38,2017-08-17,18.1,18.79,18.02,18.69,18.69,"72,058,170"
39,2017-08-18,18.48,18.64,18.13,18.25,18.25,"50,445,685"
40,2017-08-21,18.15,19.06,18.13,18.96,18.96,"75,018,789"
41,2017-08-22,19.2,19.48,18.7,18.75,18.75,"81,782,269"
42,2017-08-23,18.7,19.58,18.35,18.94,18.94,"90,859,102"
43,2017-08-24,18.58,18.88,18.04,18.19,18.19,"65,556,613"
44,2017-08-25,18.07,20.01,18.05,20.01,20.01,"117,330,537"
45,2017-08-28,21,22.01,20.62,22.01,22.01,"132,532,435"
46,2017-08-29,23.1,23.58,22.06,22.21,22.21,"186,098,690"
47,2017-08-30,21.92,23.28,21.82,22.22,22.22,"131,648,318"
48,2017-08-31,21.85,23.38,21.85,23.04,23.04,"112,937,650"
49,2017-09-01,22.95,23.08,22.3,22.82,22.82,"93,219,354"
50,2017-09-04,22.6,23.35,22.16,22.92,22.92,"78,160,578"
51,2017-09-05,22.8,24.19,22.66,23.25,23.25,"106,995,875"
52,2017-09-06,22.81,23.49,22.45,23,23,"68,245,025"
53,2017-09-07,22.97,23.34,22.7,22.8,22.8,"60,064,741"
54,2017-09-08,22.9,23.19,22.6,22.94,22.94,"55,020,421"
55,2017-09-11,22.59,22.85,22.22,22.44,22.44,"56,938,278"
56,2017-09-12,22.45,23.49,22.45,22.75,22.75,"74,809,059"
57,2017-09-13,22.5,22.68,22.05,22.41,22.41,"41,550,037"
58,2017-09-14,22.55,22.97,22.3,22.41,22.41,"44,795,300"
59,2017-09-15,22.48,23.42,22.2,22.88,22.88,"78,620,184"
60,2017-09-18,22.79,24.15,22.68,23.59,23.59,"88,860,321"
61,2017-09-19,23.2,23.35,22.51,22.78,22.78,"57,611,055"
62,2017-09-20,22.8,23.08,22.61,22.99,22.99,"37,816,368"
63,2017-09-21,22.9,23.35,22.6,22.62,22.62,"46,127,892"
64,2017-09-22,22.3,22.32,21.31,21.34,21.34,"56,144,806"
65,2017-09-25,21.02,21.04,20.06,20.27,20.27,"43,029,097"
66,2017-09-26,20.26,20.51,20.12,20.49,20.49,"23,499,570"
67,2017-09-27,20.49,20.56,20.22,20.34,20.34,"22,223,770"
68,2017-09-28,20.33,20.77,20.26,20.58,20.58,"28,800,019"
69,2017-09-29,20.65,21.5,20.65,21.3,21.3,"39,623,019"
70,2017-10-09,21.99,22.16,21,21.07,21.07,"31,639,694"
71,2017-10-10,20.82,21.39,20.63,21.18,21.18,"25,242,890"
72,2017-10-11,21.16,21.16,20.82,20.96,20.96,"17,170,658"
73,2017-10-12,20.94,21.12,20.32,20.59,20.59,"19,338,675"
74,2017-10-13,20.63,20.83,20.46,20.69,20.69,"15,350,349"
75,2017-10-16,20.58,21.02,20.2,20.25,20.25,"22,307,380"
76,2017-10-17,20.18,20.19,19.33,19.35,19.35,"34,836,876"
77,2017-10-18,19.35,19.59,18.58,18.66,18.66,"27,449,910"
78,2017-10-19,18.6,18.79,18.04,18.18,18.18,"26,255,517"
79,2017-10-20,18.2,18.54,18.15,18.5,18.5,"18,188,445"
80,2017-10-23,18.51,18.65,18.22,18.64,18.64,"17,218,390"
81,2017-10-24,18.6,18.98,18.51,18.74,18.74,"22,856,692"
82,2017-10-25,18.57,18.64,18.29,18.61,18.61,"21,342,854"
83,2017-10-26,18.51,19.29,18.37,19.04,19.04,"32,685,286"
84,2017-10-27,18.86,19.12,18.68,18.74,18.74,"17,262,422"
85,2017-10-30,18.5,18.5,17.01,17.26,17.26,"36,765,183"
86,2017-10-31,17.2,17.41,17.01,17.25,17.25,"18,995,394"
87,2017-11-01,17.3,17.63,17.2,17.26,17.26,"17,779,014"
88,2017-11-02,17.11,17.69,16.71,17.41,17.41,"29,897,192"
89,2017-11-03,17.32,17.48,17.22,17.38,17.38,"16,033,284"
90,2017-11-06,17.31,17.47,17.2,17.44,17.44,"12,865,193"
91,2017-11-07,17.43,17.99,17.3,17.77,17.77,"28,895,255"
92,2017-11-08,17.65,18.94,17.5,18.2,18.2,"46,504,263"
93,2017-11-09,18,18.28,17.9,18.12,18.12,"20,421,058"
94,2017-11-10,18.15,18.69,18.02,18.38,18.38,"29,163,964"
95,2017-11-13,18.38,18.66,18.11,18.2,18.2,"20,889,599"
96,2017-11-14,18.29,18.31,17.8,17.84,17.84,"18,542,570"
97,2017-11-15,17.85,18.16,17.75,17.86,17.86,"15,371,264"
98,2017-11-16,17.74,17.78,17.17,17.19,17.19,"20,074,568"
99,2017-11-17,17.11,17.29,16.15,16.19,16.19,"23,367,800"
100,2017-11-20,15.85,16.05,15.21,15.9,15.9,"18,667,323"
101,2017-11-21,15.85,16.85,15.76,16.53,16.53,"29,986,834"
102,2017-11-22,16.49,16.77,16.06,16.19,16.19,"20,978,747"
103,2017-11-23,16.19,16.38,15.5,15.53,15.53,"16,331,794"
104,2017-11-24,15.6,15.82,15.5,15.67,15.67,"11,400,930"
105,2017-11-27,15.78,15.96,15.46,15.68,15.68,"12,506,930"
106,2017-11-28,15.8,16.09,15.68,16.08,16.08,"14,374,907"
107,2017-11-29,16.09,16.7,15.82,16.47,16.47,"24,373,061"
108,2017-11-30,16.25,16.74,16.21,16.3,16.3,"20,907,204"
109,2017-12-01,16.35,16.77,16.3,16.49,16.49,"18,197,510"
110,2017-12-04,16.2,16.36,15.6,15.74,15.74,"19,883,023"
111,2017-12-05,15.74,15.97,15.46,15.55,15.55,"14,470,476"
112,2017-12-06,15.49,16.19,15.49,16.11,16.11,"19,050,330"
113,2017-12-07,15.92,16.28,15.92,16.02,16.02,"15,056,146"
114,2017-12-08,16,16.34,16,16.25,16.25,"18,565,382"
115,2017-12-11,16.24,16.38,16.1,16.35,16.35,"13,208,585"
116,2017-12-12,16.36,16.39,15.9,15.91,15.91,"13,481,582"
117,2017-12-13,15.85,16.19,15.66,16.09,16.09,"10,828,684"
118,2017-12-14,16.1,16.17,15.8,16.03,16.03,"12,006,244"
119,2017-12-15,15.9,16.19,15.86,16,16,"11,560,165"
120,2017-12-18,15.98,16.16,15.85,16.06,16.06,"8,127,863"
121,2017-12-19,16.06,16.36,16.06,16.31,16.31,"17,496,152"
122,2017-12-20,16.3,16.3,15.91,16.08,16.08,"14,328,993"
123,2017-12-21,16.08,16.67,15.92,16.37,16.37,"23,562,718"
124,2017-12-22,16.26,16.49,16.21,16.32,16.32,"12,450,408"
125,2017-12-25,16.26,16.39,15.95,15.96,15.96,"13,650,225"
126,2017-12-26,15.96,16.4,15.91,16.39,16.39,"17,602,876"
127,2017-12-27,16.5,16.56,16.16,16.29,16.29,"16,774,893"
128,2017-12-28,16.21,17.28,16.21,16.61,16.61,"30,995,906"
129,2017-12-29,16.48,16.69,16.44,16.62,16.62,"15,848,635"
130,2018-01-02,16.77,16.87,16.56,16.65,16.65,"16,097,262"
131,2018-01-03,16.76,16.97,16.44,16.85,16.85,"25,623,853"
132,2018-01-04,16.73,16.8,16.55,16.61,16.61,"17,243,090"
133,2018-01-05,16.56,16.89,16.5,16.57,16.57,"16,656,027"
134,2018-01-08,16.5,16.95,16.33,16.68,16.68,"19,759,829"
135,2018-01-09,16.6,16.74,16.37,16.41,16.41,"12,456,233"
136,2018-01-10,16.31,16.89,16.31,16.46,16.46,"17,969,389"
137,2018-01-11,16.3,16.42,16.12,16.31,16.31,"13,417,811"
138,2018-01-12,16.28,16.53,16.21,16.3,16.3,"12,124,500"
139,2018-01-15,16.27,16.27,15.46,15.49,15.49,"19,458,859"
140,2018-01-16,15.35,16.16,15.35,16.04,16.04,"16,278,010"
141,2018-01-17,16.2,17.64,16.2,17.49,17.49,"86,013,483"
142,2018-01-18,17,17.31,16.82,17.2,17.2,"49,085,024"
143,2018-01-19,17.16,18.82,17,17.92,17.92,"74,884,220"
144,2018-01-22,17.7,18.15,17.42,17.81,17.81,"38,179,452"
145,2018-01-23,17.81,18.07,17.63,17.95,17.95,"28,673,412"
146,2018-01-24,18.05,18.45,17.41,18,18,"49,432,412"
147,2018-01-25,17.78,17.79,17.3,17.31,17.31,"29,442,438"
148,2018-01-26,17.18,17.67,17.11,17.34,17.34,"19,864,963"
149,2018-01-29,17.4,17.63,17.11,17.32,17.32,"17,072,059"
150,2018-01-30,17.22,17.52,17.11,17.25,17.25,"13,584,822"
151,2018-01-31,17.09,17.27,15.9,16.13,16.13,"28,066,667"
152,2018-02-01,16.01,16.2,14.95,15.07,15.07,"28,672,410"
153,2018-02-02,14.98,15.15,14.35,15.02,15.02,"16,150,552"
154,2018-02-05,14.6,15.29,14.48,15.11,15.11,"12,362,222"
155,2018-02-06,14.86,14.86,13.6,13.6,13.6,"21,426,164"
156,2018-02-07,14.02,14.1,13.12,13.58,13.58,"17,973,450"
157,2018-02-08,13.51,13.78,13.48,13.71,13.71,"10,808,478"
158,2018-02-09,13.24,13.47,12.48,12.68,12.68,"19,428,801"
159,2018-02-12,12.82,13.03,12.6,12.88,12.88,"11,680,094"
160,2018-02-13,12.95,13.2,12.82,12.84,12.84,"12,212,020"
161,2018-02-14,12.84,12.95,12.65,12.88,12.88,"8,129,693"
162,2018-02-22,13.06,13.2,12.93,13.13,13.13,"10,096,798"
163,2018-02-23,13.13,13.3,13.04,13.17,13.17,"10,013,866"
164,2018-02-26,13.3,13.73,13.11,13.66,13.66,"19,137,225"
165,2018-02-27,13.6,13.64,13.4,13.42,13.42,"11,960,184"
166,2018-02-28,13.26,13.71,13.02,13.47,13.47,"15,924,078"
167,2018-03-01,13.26,13.56,13.2,13.51,13.51,"10,658,857"
168,2018-03-02,13.35,13.61,13.3,13.41,13.41,"11,998,965"
169,2018-03-05,13.36,13.55,13.35,13.38,13.38,"7,713,655"
170,2018-03-06,13.49,13.87,13.42,13.76,13.76,"22,029,136"
171,2018-03-07,13.7,13.81,13.47,13.53,13.53,"14,233,001"
172,2018-03-08,13.55,13.64,13.48,13.57,13.57,"8,439,161"
173,2018-03-09,13.58,13.98,13.55,13.93,13.93,"21,406,344"
174,2018-03-12,14.24,14.35,13.95,14.05,14.05,"20,715,916"
175,2018-03-13,13.98,13.98,13.67,13.71,13.71,"16,017,482"
176,2018-03-14,13.63,13.85,13.6,13.67,13.67,"8,972,214"
177,2018-03-15,13.58,13.61,13.16,13.33,13.33,"12,729,458"
178,2018-03-16,13.36,13.59,13.29,13.3,13.3,"8,220,978"
179,2018-03-19,13.3,13.47,13.21,13.32,13.32,"7,449,971"
180,2018-03-20,13.2,13.3,13.07,13.21,13.21,"8,355,612"
181,2018-03-21,13.17,13.87,13.17,13.28,13.28,"23,069,091"
182,2018-03-22,13.28,13.5,13.21,13.24,13.24,"13,523,679"
183,2018-03-23,12.6,12.82,12,12.22,12.22,"22,087,216"
184,2018-03-26,12.03,12.34,11.69,12.32,12.32,"10,831,132"
185,2018-03-27,12.39,12.64,12.38,12.55,12.55,"11,666,107"
186,2018-03-28,12.28,12.69,12.21,12.36,12.36,"9,395,943"
187,2018-03-29,12.48,12.88,12.41,12.7,12.7,"19,093,222"
188,2018-03-30,12.68,12.84,12.59,12.74,12.74,"12,977,425"
189,2018-04-02,12.71,13.15,12.66,12.77,12.77,"15,659,925"
190,2018-04-03,12.51,12.74,12.33,12.59,12.59,"10,755,720"
191,2018-04-04,12.66,12.85,12.45,12.47,12.47,"10,023,100"
192,2018-04-09,12.39,12.62,12.14,12.56,12.56,"10,434,049"
193,2018-04-10,12.59,12.93,12.52,12.85,12.85,"15,028,340"
194,2018-04-11,12.9,12.92,12.72,12.83,12.83,"11,214,183"
195,2018-04-12,12.85,12.99,12.71,12.74,12.74,"10,465,028"
196,2018-04-13,12.85,13.05,12.74,12.79,12.79,"11,826,824"
197,2018-04-16,12.6,12.68,12.25,12.26,12.26,"12,356,400"
198,2018-04-17,12.37,12.55,12.1,12.19,12.19,"10,628,955"
199,2018-04-18,12.43,12.49,12.16,12.42,12.42,"9,114,815"
200,2018-04-19,12.35,12.61,12.3,12.44,12.44,"9,506,124"
201,2018-04-20,12.37,12.43,11.91,11.96,11.96,"10,445,376"
202,2018-04-23,12,12.15,11.82,12.04,12.04,"5,689,900"
203,2018-04-24,12.05,12.35,12.05,12.34,12.34,"9,128,905"
204,2018-04-25,12.25,12.3,12.14,12.21,12.21,"6,564,100"
205,2018-04-26,12.21,12.28,11.68,11.74,11.74,"8,817,545"
206,2018-04-27,11.84,12.02,11.66,11.86,11.86,"7,200,986"
207,2018-05-02,12.01,12.13,11.76,11.9,11.9,"5,730,600"
208,2018-05-03,11.96,12.25,11.82,12.23,12.23,"12,541,443"
209,2018-05-04,12.13,12.18,12.01,12.04,12.04,"7,127,870"
210,2018-05-07,12.14,12.23,12.1,12.18,12.18,"6,878,500"
211,2018-05-08,12.14,12.29,12.11,12.24,12.24,"8,610,424"
212,2018-05-09,12.21,12.23,12.06,12.11,12.11,"6,882,500"
213,2018-05-10,12.15,12.18,12.01,12.15,12.15,"6,503,300"
214,2018-05-11,12.17,12.18,11.91,11.92,11.92,"7,130,937"
215,2018-05-14,11.95,12.07,11.9,11.92,11.92,"5,806,653"
216,2018-05-15,11.93,12,11.79,11.98,11.98,"6,305,500"
217,2018-05-16,11.9,11.92,11.76,11.79,11.79,"5,583,712"
218,2018-05-17,11.79,11.86,11.75,11.77,11.77,"3,656,918"
219,2018-05-18,11.74,11.94,11.72,11.9,11.9,"6,025,382"
220,2018-05-21,12,12.07,11.91,12.01,12.01,"6,463,547"
221,2018-05-22,12.04,12.1,11.87,12.09,12.09,"8,773,830"
222,2018-05-23,12.04,12.04,11.84,11.86,11.86,"6,082,166"
223,2018-05-24,11.87,11.94,11.71,11.72,11.72,"5,924,900"
224,2018-05-25,11.78,11.82,11.67,11.68,11.68,"5,078,338"
225,2018-05-28,11.69,11.73,11.47,11.55,11.55,"5,475,176"
226,2018-05-29,11.51,11.59,11.15,11.21,11.21,"9,901,004"
227,2018-05-30,11,11.01,10.39,10.41,10.41,"13,987,168"
228,2018-05-31,10.55,10.58,10.3,10.48,10.48,"8,057,394"
229,2018-06-01,10.42,11.17,10.31,10.88,10.88,"17,680,408"
230,2018-06-04,10.7,10.92,10.54,10.58,10.58,"9,597,802"
231,2018-06-05,10.62,10.73,10.53,10.72,10.72,"6,243,638"
232,2018-06-06,10.65,11.05,10.61,10.8,10.8,"10,868,354"
233,2018-06-07,10.81,11.25,10.73,11.02,11.02,"17,494,846"
234,2018-06-08,10.97,10.97,10.59,10.67,10.67,"9,754,301"
235,2018-06-11,10.61,11.03,10.56,10.79,10.79,"7,907,928"
236,2018-06-12,10.72,10.94,10.66,10.84,10.84,"7,143,986"
237,2018-06-13,10.81,10.81,10.47,10.51,10.51,"6,281,776"
238,2018-06-14,10.5,10.78,10.42,10.6,10.6,"7,867,221"
239,2018-06-15,10.5,10.65,9.98,10.01,10.01,"15,450,649"
240,2018-06-19,9.8,9.86,9.01,9.01,9.01,"14,841,300"
241,2018-06-20,9,9.15,8.45,8.76,8.76,"16,119,021"
242,2018-06-21,8.78,8.78,8.27,8.34,8.34,"16,522,883"
243,2018-06-22,8.28,8.65,8.23,8.56,8.56,"12,049,786"
244,2018-06-25,8.58,8.67,8.35,8.39,8.39,"10,602,177"
245,2018-06-26,8.17,8.52,8.1,8.45,8.45,"17,446,324"
246,2018-06-27,8.44,8.44,8.21,8.31,8.31,"13,746,511"
247,2018-06-28,8.3,8.59,8.2,8.27,8.27,"22,932,699"
248,2018-06-29,8.26,8.45,8.17,8.4,8.4,"19,732,698"
249,2018-07-02,8.41,8.43,7.76,7.9,7.9,"29,791,258"
250,2018-07-03,7.9,8.06,7.84,8.05,8.05,"21,773,695"
251,2018-07-04,8.06,8.14,7.86,7.88,7.88,"17,266,626"
252,2018-07-05,7.9,8.1,7.7,7.76,7.76,"18,225,932"
253,2018-07-06,7.76,8.04,7.42,7.71,7.71,"26,238,918"
254,2018-07-09,7.7,7.88,7.68,7.86,7.86,"15,686,153"
255,2018-07-10,7.87,7.92,7.77,7.86,7.86,"13,325,940"
256,2018-07-11,7.72,7.72,7.22,7.42,7.42,"21,899,000"
257,2018-07-12,7.42,7.84,7.41,7.78,7.78,"27,136,248"
258,2018-07-13,7.8,7.85,7.68,7.71,7.71,"14,690,640"
259,2018-07-16,7.79,7.8,7.61,7.63,7.63,"10,260,893"
260,2018-07-17,7.7,7.77,7.63,7.69,7.69,"12,144,063"
261,2018-07-18,7.71,7.82,7.6,7.63,7.63,"11,158,764"
262,2018-07-19,7.68,7.72,7.43,7.48,7.48,"10,845,344"
263,2018-07-20,7.55,7.95,7.4,7.81,7.81,"26,246,026"
264,2018-07-23,7.76,8.14,7.69,8.06,8.06,"39,264,207"
265,2018-07-24,8.02,8.36,8,8.11,8.11,"48,141,883"
266,2018-07-25,8.03,8.07,7.94,8.02,8.02,"26,014,807"
267,2018-07-26,7.99,8.07,7.92,7.97,7.97,"17,262,416"
268,2018-07-27,7.97,8.02,7.86,7.91,7.91,"17,381,926"
269,2018-07-30,7.89,7.95,7.56,7.64,7.64,"21,446,363"
270,2018-07-31,7.66,7.76,7.63,7.7,7.7,"12,248,500"
271,2018-08-01,7.73,7.8,7.46,7.47,7.47,"16,492,000"
272,2018-08-02,7.44,7.5,6.98,7.13,7.13,"21,334,978"
273,2018-08-03,7.14,7.18,6.99,7.01,7.01,"12,240,000"
274,2018-08-06,7.06,7.11,6.78,6.87,6.87,"15,769,850"
275,2018-08-07,6.89,7.17,6.82,7.16,7.16,"16,746,300"
276,2018-08-08,7.11,7.12,6.93,6.95,6.95,"13,238,309"
277,2018-08-09,6.92,7.21,6.89,7.13,7.13,"15,242,375"
278,2018-08-10,7.11,7.19,7.09,7.14,7.14,"9,894,855"
279,2018-08-13,7.06,7.1,6.93,7.09,7.09,"12,629,771"
280,2018-08-14,7.09,7.17,7.05,7.11,7.11,"9,318,600"
281,2018-08-15,7.04,7.04,6.78,6.81,6.81,"11,880,319"
282,2018-08-16,6.7,7.1,6.63,6.91,6.91,"20,704,264"
283,2018-08-17,6.89,7.06,6.78,6.8,6.8,"15,266,493"
284,2018-08-20,6.76,7.05,6.76,7.03,7.03,"19,763,918"
285,2018-08-21,7.02,7.05,6.91,7.04,7.04,"18,273,914"
286,2018-08-22,6.97,6.99,6.87,6.88,6.88,"14,257,174"
287,2018-08-23,6.9,7.04,6.84,6.97,6.97,"15,481,811"
288,2018-08-24,6.93,7.05,6.87,6.95,6.95,"17,252,594"
289,2018-08-27,6.93,7.1,6.93,7.07,7.07,"20,657,119"
290,2018-08-28,7.1,7.1,7.01,7.05,7.05,"12,680,535"
291,2018-08-29,7.05,7.05,6.92,6.95,6.95,"14,299,200"
292,2018-08-30,6.95,6.99,6.69,6.72,6.72,"19,043,116"
293,2018-08-31,6.72,6.78,6.66,6.69,6.69,"11,559,600"
294,2018-09-03,6.64,6.65,6.52,6.65,6.65,"11,779,900"
295,2018-09-04,6.65,6.82,6.61,6.75,6.75,"14,235,674"
296,2018-09-05,6.73,6.78,6.64,6.64,6.64,"11,589,988"
297,2018-09-06,6.59,6.75,6.59,6.66,6.66,"11,177,774"
298,2018-09-07,6.68,6.81,6.65,6.71,6.71,"13,195,337"
299,2018-09-10,6.71,6.71,6.52,6.53,6.53,"11,851,237"
300,2018-09-11,6.53,6.62,6.51,6.57,6.57,"8,894,847"
301,2018-09-12,6.56,6.75,6.55,6.69,6.69,"15,457,384"
302,2018-09-13,6.74,6.76,6.67,6.75,6.75,"15,483,894"
303,2018-09-14,6.76,6.93,6.73,6.76,6.76,"22,043,206"
304,2018-09-17,6.75,6.91,6.71,6.87,6.87,"23,985,526"
305,2018-09-18,6.84,7.2,6.8,7.17,7.17,"40,872,979"
306,2018-09-19,7.08,7.2,7.05,7.13,7.13,"24,265,243"
307,2018-09-20,7.16,7.31,7.06,7.09,7.09,"21,288,896"
308,2018-09-21,7.11,7.42,7.04,7.39,7.39,"36,052,915"
309,2018-09-25,7.3,7.37,7.24,7.33,7.33,"23,892,106"
310,2018-09-26,7.28,7.51,7.28,7.36,7.36,"34,115,745"
311,2018-09-27,7.35,7.35,7.18,7.26,7.26,"22,802,643"
312,2018-09-28,7.24,7.44,7.24,7.43,7.43,"28,853,201"
313,2018-10-08,7.28,7.31,6.96,7,7,"26,023,955"
314,2018-10-09,7.05,7.08,6.85,6.92,6.92,"17,310,516"
315,2018-10-10,6.97,6.97,6.8,6.88,6.88,"15,461,800"
316,2018-10-11,6.41,6.5,6.19,6.19,6.19,"45,262,999"
317,2018-10-12,6.09,6.15,5.88,6.06,6.06,"27,373,795"
318,2018-10-15,6.07,6.16,5.96,5.97,5.97,"15,136,238"
319,2018-10-16,5.99,6.13,5.9,5.95,5.95,"16,761,936"
320,2018-10-17,6.07,6.1,5.45,5.9,5.9,"29,014,869"
321,2018-10-18,5.83,5.9,5.72,5.75,5.75,"13,907,297"
322,2018-10-19,5.65,6.01,5.61,5.99,5.99,"21,778,406"
323,2018-10-22,6.06,6.59,6.02,6.59,6.59,"48,065,971"
324,2018-10-23,6.93,6.93,6.49,6.64,6.64,"77,627,544"
325,2018-10-24,6.4,7.05,6.35,6.8,6.8,"72,167,656"
326,2018-10-25,6.48,7.27,6.43,7.23,7.23,"82,914,162"
327,2018-10-26,7.2,7.36,6.9,6.97,6.97,"70,526,320"
328,2018-10-29,6.9,7.07,6.75,6.86,6.86,"33,550,250"
329,2018-10-30,6.87,7.45,6.68,7.13,7.13,"87,534,362"
330,2018-10-31,7.12,7.46,6.95,7.3,7.3,"87,577,471"
331,2018-11-01,7.3,7.89,7.23,7.31,7.31,"98,784,813"
332,2018-11-02,7.46,7.55,7.19,7.5,7.5,"77,374,673"
333,2018-11-05,7.46,7.78,7.33,7.76,7.76,"87,079,197"
334,2018-11-06,7.69,7.86,7.47,7.58,7.58,"69,398,898"
335,2018-11-07,7.46,7.52,7.27,7.33,7.33,"53,804,349"
336,2018-11-08,7.38,7.54,7.26,7.27,7.27,"51,107,470"
337,2018-11-09,7.22,7.45,7.17,7.27,7.27,"33,094,148"
338,2018-11-12,7.21,7.4,7.21,7.39,7.39,"30,739,182"
339,2018-11-13,7.3,7.89,7.26,7.59,7.59,"75,854,515"
340,2018-11-14,7.51,7.67,7.41,7.44,7.44,"50,487,400"
341,2018-11-15,7.4,7.72,7.36,7.69,7.69,"55,541,761"
342,2018-11-16,7.77,8.46,7.7,8.37,8.37,"140,207,780"
343,2018-11-19,8.25,9.03,8.2,8.78,8.78,"138,432,230"
344,2018-11-20,8.58,8.82,8.21,8.29,8.29,"94,179,366"
345,2018-11-21,8.18,8.45,8,8.43,8.43,"72,561,554"
346,2018-11-22,8.36,8.41,8.14,8.23,8.23,"48,295,071"
347,2018-11-23,8.21,8.33,7.72,7.87,7.87,"61,366,164"
348,2018-11-26,7.85,8.03,7.73,7.92,7.92,"40,162,339"
349,2018-11-27,8.02,8.07,7.8,7.94,7.94,"38,740,142"
350,2018-11-28,7.87,8.42,7.78,8.4,8.4,"79,529,272"
351,2018-11-29,8.42,8.61,7.93,8,8,"76,825,720"
352,2018-11-30,7.86,8.28,7.66,8.22,8.22,"68,140,199"
353,2018-12-03,8.73,8.73,8.35,8.36,8.36,"87,605,616"
354,2018-12-04,8.32,8.5,8.29,8.48,8.48,"54,862,113"
355,2018-12-05,8.28,8.37,8.17,8.24,8.24,"44,311,076"
356,2018-12-06,8.13,8.19,7.95,8.03,8.03,"38,401,200"
357,2018-12-07,8.1,8.13,7.95,8,8,"24,421,393"
358,2018-12-10,7.89,7.94,7.7,7.75,7.75,"31,799,568"
359,2018-12-11,7.8,7.83,7.71,7.79,7.79,"17,914,909"
360,2018-12-12,7.84,8.05,7.8,7.91,7.91,"31,502,720"
361,2018-12-13,7.91,8.15,7.72,8.07,8.07,"43,529,841"
362,2018-12-14,8,8.18,7.88,7.98,7.98,"48,266,544"
363,2018-12-17,7.91,8.15,7.81,8.09,8.09,"27,690,738"
364,2018-12-18,8.01,8.11,7.81,7.9,7.9,"24,828,186"
365,2018-12-19,7.94,7.99,7.8,7.82,7.82,"16,923,800"
366,2018-12-20,7.8,8.02,7.73,7.9,7.9,"27,236,768"
367,2018-12-21,7.85,7.93,7.75,7.78,7.78,"19,939,439"
368,2018-12-24,7.77,7.84,7.48,7.54,7.54,"28,756,130"
369,2018-12-25,7.41,7.41,6.99,7.28,7.28,"35,338,122"
370,2018-12-26,7.23,7.34,7.13,7.16,7.16,"16,975,922"
371,2018-12-27,7.31,7.33,7.02,7.03,7.03,"19,333,980"
372,2018-12-28,7.04,7.35,7.03,7.26,7.26,"27,411,036"
373,2019-01-02,7.29,7.3,7.13,7.17,7.17,"20,942,006"
374,2019-01-03,7.21,7.57,7.15,7.3,7.3,"31,888,049"
375,2019-01-04,7.19,8.03,7.15,8.03,8.03,"90,034,715"
376,2019-01-07,8.02,8.13,7.9,8.03,8.03,"69,817,280"
377,2019-01-08,7.92,8.26,7.9,8.05,8.05,"56,244,572"
378,2019-01-09,8.08,8.34,8.01,8.08,8.08,"58,401,274"
379,2019-01-10,8.08,8.18,7.9,7.95,7.95,"39,619,554"
380,2019-01-11,8,8.09,7.92,8.08,8.08,"31,623,077"
381,2019-01-14,8.19,8.23,7.94,7.95,7.95,"27,831,840"
382,2019-01-15,7.94,8.38,7.92,8.29,8.29,"62,152,436"
383,2019-01-16,8.35,8.35,8.08,8.1,8.1,"36,180,877"
384,2019-01-17,8.11,8.23,7.95,8,8,"31,927,657"
385,2019-01-18,8,8.2,7.98,8.19,8.19,"36,781,562"
386,2019-01-21,8.2,8.25,8.02,8.11,8.11,"32,942,786"
387,2019-01-22,8.09,8.11,7.97,8.03,8.03,"21,103,500"
388,2019-01-23,8.02,8.06,7.86,7.94,7.94,"17,995,533"
389,2019-01-24,7.97,8.2,7.94,8.04,8.04,"37,160,943"
390,2019-01-25,8.01,8.07,7.94,7.95,7.95,"21,994,900"
391,2019-01-28,8.09,8.12,7.89,7.9,7.9,"28,501,969"
392,2019-01-29,7.8,7.85,7.53,7.66,7.66,"30,142,181"
393,2019-01-30,7.66,7.79,7.58,7.6,7.6,"14,470,800"
394,2019-01-31,7.67,7.77,7.45,7.56,7.56,"20,289,596"
395,2019-02-01,7.7,7.83,7.65,7.83,7.83,"20,739,257"
396,2019-02-11,7.87,8.04,7.78,8.03,8.03,"24,487,679"
397,2019-02-12,8.04,8.2,7.98,8.15,8.15,"32,463,428"
398,2019-02-13,8.13,8.64,8.07,8.48,8.48,"69,567,115"
399,2019-02-14,8.4,8.52,8.36,8.39,8.39,"41,729,822"
400,2019-02-15,8.39,8.56,8.27,8.31,8.31,"41,908,132"
401,2019-02-18,8.4,8.93,8.38,8.78,8.78,"74,265,582"
402,2019-02-19,8.78,9.13,8.6,8.74,8.74,"75,263,674"
403,2019-02-20,8.74,8.89,8.58,8.76,8.76,"45,303,342"
404,2019-02-21,8.7,9.11,8.6,8.78,8.78,"82,077,995"
405,2019-02-22,8.81,9.66,8.68,9.66,9.66,"133,378,368"
406,2019-02-25,10.31,10.63,9.86,10.63,10.63,"143,019,300"
407,2019-02-26,10.99,11.39,10.39,10.47,10.47,"175,200,000"
408,2019-02-27,10.24,10.85,10.05,10.44,10.44,"113,664,966"
409,2019-02-28,10.28,10.3,9.8,10.05,10.05,"67,715,351"
410,2019-03-01,10.2,10.55,10.01,10.45,10.45,"85,882,990"
411,2019-03-04,10.54,11.38,10.21,10.57,10.57,"134,611,210"
412,2019-03-05,10.31,10.64,10.25,10.6,10.6,"72,411,045"
413,2019-03-06,10.6,11.66,10.53,11.66,11.66,"197,518,420"
414,2019-03-07,12.49,12.83,11.9,12.83,12.83,"188,579,840"
415,2019-03-08,11.75,12.83,11.59,11.65,11.65,"192,757,350"
416,2019-03-11,12.05,12.42,11.28,12,12,"124,970,253"
417,2019-03-12,12.03,12.54,11.8,12.1,12.1,"125,513,818"
418,2019-03-13,11.9,12,11.41,11.58,11.58,"92,894,725"
419,2019-03-14,11.38,11.69,10.78,10.98,10.98,"71,207,436"
420,2019-03-15,11.16,11.41,10.88,11.05,11.05,"58,485,035"
421,2019-03-18,10.98,11.36,10.73,11.35,11.35,"60,209,714"
422,2019-03-19,11.38,11.47,11.18,11.27,11.27,"45,165,837"
423,2019-03-20,11.2,11.53,11.13,11.49,11.49,"64,062,028"
424,2019-03-21,11.51,12.05,11.33,11.7,11.7,"87,167,120"
425,2019-03-22,11.66,11.74,11.21,11.44,11.44,"46,690,266"
426,2019-03-25,11.01,11.3,10.9,10.92,10.92,"48,651,979"
427,2019-03-26,10.98,11.05,10.51,10.69,10.69,"44,201,335"
428,2019-03-27,10.77,10.93,10.58,10.78,10.78,"36,503,984"
429,2019-03-28,10.64,11.01,10.58,10.72,10.72,"35,206,512"
430,2019-03-29,10.73,11.66,10.73,11.61,11.61,"91,342,379"
431,2019-04-01,11.66,12.01,11.42,11.73,11.73,"93,474,640"
432,2019-04-02,11.8,12,11.53,11.58,11.58,"64,601,600"
433,2019-04-03,11.62,12.74,11.56,12.71,12.71,"179,054,300"
434,2019-04-04,12.43,12.54,12.05,12.31,12.31,"128,949,987"
435,2019-04-08,12.31,12.35,11.63,11.9,11.9,"87,798,153"
436,2019-04-09,11.8,12.11,11.72,11.95,11.95,"54,888,422"
437,2019-04-10,11.93,11.93,11.49,11.75,11.75,"56,759,216"
438,2019-04-11,11.61,11.78,11.41,11.52,11.52,"42,182,523"
439,2019-04-12,11.5,11.73,11.41,11.57,11.57,"34,165,787"
440,2019-04-15,11.82,11.9,11.1,11.17,11.17,"48,316,719"
441,2019-04-16,11.11,11.44,10.85,11.38,11.38,"51,844,585"
442,2019-04-17,11.32,11.45,11.21,11.25,11.25,"33,743,487"
443,2019-04-18,11.27,11.4,11.19,11.26,11.26,"27,526,111"
444,2019-04-19,11.32,11.51,11.26,11.37,11.37,"29,595,128"
445,2019-04-22,11.62,11.7,11.08,11.18,11.18,"41,230,768"
446,2019-04-23,11.11,11.5,10.9,11.21,11.21,"41,499,764"
447,2019-04-24,11.18,11.35,11.08,11.27,11.27,"23,326,486"
448,2019-04-25,11.26,11.4,10.73,10.81,10.81,"35,680,474"
449,2019-04-26,10.77,10.96,10.6,10.73,10.73,"32,836,290"
450,2019-04-29,10.68,10.74,9.91,9.97,9.97,"45,840,916"
451,2019-04-30,10,10.15,9.89,10.02,10.02,"22,023,484"
452,2019-05-06,9.47,9.66,9.02,9.02,9.02,"42,666,892"
453,2019-05-07,9.1,9.26,8.72,9.22,9.22,"44,497,371"
454,2019-05-08,8.95,9.23,8.85,9.02,9.02,"28,502,606"
455,2019-05-09,8.88,9.16,8.88,8.95,8.95,"25,858,844"
456,2019-05-10,9.09,9.48,8.92,9.39,9.39,"55,481,257"
457,2019-05-13,9.21,9.32,9.15,9.19,9.19,"22,505,373"
458,2019-05-14,9.05,9.26,9.01,9.04,9.04,"22,508,438"
459,2019-05-15,9.19,9.21,9.08,9.17,9.17,"23,798,680"
460,2019-05-16,9.16,9.23,9.09,9.16,9.16,"20,545,889"
461,2019-05-17,9.18,9.2,8.6,8.69,8.69,"32,637,247"
462,2019-05-20,8.72,8.93,8.53,8.85,8.85,"24,357,032"
463,2019-05-21,8.85,9.06,8.79,8.95,8.95,"22,021,092"
464,2019-05-22,8.94,9.02,8.73,8.8,8.8,"17,951,086"
465,2019-05-23,8.74,8.97,8.69,8.79,8.79,"19,763,698"
466,2019-05-24,8.73,8.86,8.72,8.81,8.81,"16,074,124"
467,2019-05-27,8.84,9.15,8.73,9.05,9.05,"34,705,909"
468,2019-05-28,9,9.13,8.91,8.94,8.94,"23,929,660"
469,2019-05-29,8.91,9.09,8.89,8.99,8.99,"22,007,258"
470,2019-05-30,8.93,8.93,8.77,8.85,8.85,"16,971,002"
471,2019-05-31,8.82,8.96,8.79,8.84,8.84,"15,576,685"
472,2019-06-03,8.86,9.07,8.8,8.82,8.82,"21,029,753"
473,2019-06-04,8.84,8.86,8.58,8.68,8.68,"18,447,865"
474,2019-06-05,8.8,8.95,8.73,8.82,8.82,"22,303,544"
475,2019-06-06,8.77,8.81,8.52,8.57,8.57,"18,968,766"
476,2019-06-10,8.68,8.93,8.62,8.81,8.81,"39,829,808"
477,2019-06-11,8.67,9.37,8.62,9.28,9.28,"65,550,716"
478,2019-06-12,9.15,9.34,9.11,9.12,9.12,"36,842,539"
479,2019-06-13,9.13,9.27,9.08,9.16,9.16,"27,147,206"
480,2019-06-14,9.2,9.23,8.92,8.93,8.93,"26,290,889"
481,2019-06-17,8.88,9.04,8.88,8.98,8.98,"16,338,749"
482,2019-06-18,8.96,9.02,8.83,8.93,8.93,"14,464,814"
483,2019-06-19,9.5,9.6,9.09,9.09,9.09,"43,839,529"
484,2019-06-20,9.04,9.85,9.03,9.53,9.53,"81,210,290"
485,2019-06-21,9.55,9.69,9.39,9.52,9.52,"57,417,774"
486,2019-06-24,9.6,9.65,9.37,9.46,9.46,"34,719,311"
487,2019-06-25,9.43,9.58,9.25,9.55,9.55,"41,753,510"
488,2019-06-26,9.3,9.38,9.22,9.28,9.28,"25,770,747"
489,2019-06-27,9.41,9.56,9.32,9.37,9.37,"33,547,599"
490,2019-06-28,9.37,9.4,9.22,9.3,9.3,"20,970,611"
491,2019-07-01,9.59,9.63,9.43,9.49,9.49,"41,295,870"
492,2019-07-02,9.47,9.49,9.38,9.43,9.43,"22,826,513"
493,2019-07-03,9.41,9.42,9.29,9.34,9.34,"16,695,005"
494,2019-07-04,9.37,9.49,9.33,9.42,9.42,"21,926,359"
495,2019-07-05,9.44,9.46,9.28,9.39,9.39,"15,450,177"
496,2019-07-08,9.33,9.42,8.97,9.02,9.02,"27,774,340"
497,2019-07-09,9.01,9.13,8.8,9.04,9.04,"23,996,837"
498,2019-07-10,9.04,9.14,8.9,8.94,8.94,"20,724,118"
499,2019-07-11,8.99,9.1,8.88,8.95,8.95,"17,977,079"
500,2019-07-12,8.91,9.05,8.86,8.97,8.97,"13,376,702"
501,2019-07-15,9.03,9.34,8.92,9.18,9.18,"27,206,738"
502,2019-07-16,9.12,9.21,9.09,9.13,9.13,"13,179,668"
503,2019-07-17,9.13,9.24,9.09,9.13,9.13,"15,158,009"
504,2019-07-18,9.05,9.09,8.95,8.95,8.95,"15,540,531"
505,2019-07-19,8.96,9.17,8.96,9.08,9.08,"18,366,000"
506,2019-07-22,9.14,9.16,8.78,8.78,8.78,"21,973,987"
507,2019-07-23,8.81,8.85,8.77,8.84,8.84,"10,396,950"
508,2019-07-24,8.86,8.97,8.86,8.91,8.91,"15,105,771"
509,2019-07-25,8.91,8.95,8.86,8.9,8.9,"10,793,206"
510,2019-07-26,8.86,8.94,8.82,8.93,8.93,"9,407,720"
511,2019-07-29,8.92,8.93,8.81,8.87,8.87,"10,662,965"
512,2019-07-30,8.85,9.05,8.85,8.93,8.93,"16,907,341"
513,2019-07-31,8.92,8.93,8.82,8.86,8.86,"8,809,467"
514,2019-08-01,8.8,8.88,8.71,8.73,8.73,"13,812,100"
515,2019-08-02,8.51,8.54,8.26,8.38,8.38,"26,749,687"
516,2019-08-05,8.31,8.46,8.24,8.25,8.25,"16,388,800"
517,2019-08-06,8.09,8.24,7.79,8.14,8.14,"30,369,984"
518,2019-08-07,8.2,8.2,7.96,7.97,7.97,"14,074,237"
519,2019-08-08,8.19,8.24,8.05,8.05,8.05,"17,419,894"
520,2019-08-09,8.12,8.14,7.88,7.89,7.89,"12,475,692"
521,2019-08-12,7.98,8.09,7.97,8.09,8.09,"14,388,179"
522,2019-08-13,8,8.04,7.92,7.97,7.97,"11,626,367"
523,2019-08-14,8.09,8.11,7.96,7.97,7.97,"11,385,380"
524,2019-08-15,7.72,8,7.66,7.94,7.94,"14,188,946"
525,2019-08-16,7.9,8.08,7.88,7.95,7.95,"14,648,517"
526,2019-08-19,8.07,8.46,8.03,8.42,8.42,"42,098,410"
527,2019-08-20,8.42,8.48,8.35,8.38,8.38,"26,816,862"
528,2019-08-21,8.38,8.44,8.33,8.37,8.37,"15,941,861"
529,2019-08-22,8.39,8.4,8.24,8.3,8.3,"14,754,093"
530,2019-08-23,8.3,8.46,8.24,8.29,8.29,"15,372,049"
531,2019-08-26,8.02,8.18,8,8.12,8.12,"15,912,735"
532,2019-08-27,8.17,8.42,8.16,8.25,8.25,"20,159,963"
533,2019-08-28,8.34,8.34,8.12,8.15,8.15,"12,603,872"
534,2019-08-29,8.12,8.22,8.09,8.1,8.1,"10,469,838"
535,2019-08-30,8.18,8.23,8.04,8.06,8.06,"16,812,060"
536,2019-09-02,8.08,8.32,8.04,8.25,8.25,"20,952,394"
537,2019-09-03,8.25,8.35,8.22,8.33,8.33,"18,058,765"
538,2019-09-04,8.3,8.56,8.25,8.45,8.45,"29,221,226"
539,2019-09-05,8.52,9,8.52,8.7,8.7,"61,895,877"
540,2019-09-06,8.75,8.86,8.69,8.83,8.83,"36,383,116"
541,2019-09-09,9.15,9.21,8.94,9.05,9.05,"51,689,352"
542,2019-09-10,9.05,9.7,8.95,9.47,9.47,"86,627,630"
543,2019-09-11,9.53,9.65,9.34,9.39,9.39,"63,095,144"
544,2019-09-12,9.44,9.65,9.38,9.64,9.64,"50,188,158"
545,2019-09-16,9.79,10.07,9.59,9.65,9.65,"84,749,704"
546,2019-09-17,9.51,9.58,9.2,9.27,9.27,"59,699,387"
547,2019-09-18,9.38,9.41,9.15,9.2,9.2,"31,922,810"
548,2019-09-19,9.3,9.33,9.15,9.3,9.3,"29,278,837"
549,2019-09-20,9.26,9.29,9.04,9.17,9.17,"31,896,853"
550,2019-09-23,9.08,9.11,8.95,9.05,9.05,"25,808,877"
551,2019-09-24,9.08,9.19,8.96,9.04,9.04,"29,778,964"
552,2019-09-25,8.92,9.09,8.9,8.95,8.95,"22,526,198"
553,2019-09-26,9.01,9.13,8.81,8.82,8.82,"30,463,752"
554,2019-09-27,8.84,8.94,8.8,8.91,8.91,"16,913,238"
555,2019-09-30,8.88,8.93,8.63,8.65,8.65,"17,303,396"
556,2019-10-08,8.62,8.69,8.51,8.52,8.52,"15,376,746"
557,2019-10-09,8.47,8.64,8.4,8.64,8.64,"12,195,850"
558,2019-10-10,8.64,8.78,8.63,8.75,8.75,"15,671,151"
559,2019-10-11,8.76,9.03,8.62,8.87,8.87,"28,493,667"
560,2019-10-14,9.05,9.3,8.97,9.13,9.13,"37,022,101"
561,2019-10-15,9.11,9.12,8.95,8.96,8.96,"18,396,491"
562,2019-10-16,9.06,9.17,8.94,9.01,9.01,"17,844,318"
563,2019-10-17,9,9.06,8.87,8.96,8.96,"13,708,077"
564,2019-10-18,8.98,9.01,8.69,8.69,8.69,"19,058,268"
565,2019-10-21,8.67,8.68,8.46,8.62,8.62,"12,613,435"
566,2019-10-22,8.62,8.69,8.52,8.65,8.65,"10,265,729"
567,2019-10-23,8.67,8.7,8.53,8.57,8.57,"9,770,612"
568,2019-10-24,8.6,8.73,8.51,8.66,8.66,"13,083,503"
569,2019-10-25,8.66,8.8,8.56,8.78,8.78,"17,330,258"
570,2019-10-28,8.83,9.02,8.7,9,9,"27,328,058"
571,2019-10-29,9.01,9.02,8.82,8.83,8.83,"17,078,744"
572,2019-10-30,8.83,8.89,8.64,8.72,8.72,"13,944,244"
573,2019-10-31,8.75,8.89,8.72,8.75,8.75,"18,197,667"
574,2019-11-01,8.7,8.97,8.64,8.97,8.97,"22,080,561"
575,2019-11-04,8.97,9.18,8.97,9.06,9.06,"26,348,607"
576,2019-11-05,9.14,9.33,9.1,9.2,9.2,"48,438,156"
577,2019-11-06,9.21,9.23,8.98,9.05,9.05,"25,863,685"
578,2019-11-07,9.03,9.08,8.87,8.99,8.99,"21,237,250"
579,2019-11-08,9.1,9.15,8.83,8.83,8.83,"23,952,805"
580,2019-11-11,8.79,8.79,8.5,8.57,8.57,"23,501,251"
581,2019-11-12,8.56,8.66,8.52,8.62,8.62,"14,772,278"
582,2019-11-13,8.59,8.6,8.48,8.5,8.5,"13,095,000"
583,2019-11-14,8.51,8.63,8.45,8.54,8.54,"14,093,237"
584,2019-11-15,8.54,8.55,8.3,8.31,8.31,"19,067,030"
585,2019-11-18,8.31,8.53,8.29,8.49,8.49,"14,132,006"
586,2019-11-19,8.48,8.59,8.45,8.58,8.58,"10,142,644"
587,2019-11-20,8.54,8.59,8.43,8.45,8.45,"10,073,230"
588,2019-11-21,8.42,8.5,8.36,8.45,8.45,"8,354,305"
589,2019-11-22,8.47,8.59,8.37,8.43,8.43,"12,346,946"
590,2019-11-25,8.4,8.51,8.37,8.48,8.48,"10,436,318"
591,2019-11-26,8.5,8.62,8.37,8.37,8.37,"21,240,898"
592,2019-11-27,8.4,8.43,8.28,8.31,8.31,"12,472,360"
593,2019-11-28,8.3,8.39,8.28,8.32,8.32,"7,226,025"
594,2019-11-29,8.3,8.44,8.29,8.37,8.37,"8,797,821"
595,2019-12-02,8.6,8.63,8.43,8.46,8.46,"14,443,669"
596,2019-12-03,8.42,8.54,8.38,8.51,8.51,"13,037,549"
597,2019-12-04,8.47,8.54,8.45,8.53,8.53,"8,521,547"
598,2019-12-05,8.57,8.65,8.54,8.6,8.6,"16,415,427"
599,2019-12-06,8.63,8.66,8.52,8.6,8.6,"11,943,223"
600,2019-12-09,8.63,8.63,8.55,8.57,8.57,"9,704,537"
601,2019-12-10,8.54,8.58,8.48,8.55,8.55,"10,471,565"
602,2019-12-11,8.55,8.69,8.5,8.6,8.6,"17,404,851"
603,2019-12-12,8.58,8.59,8.46,8.5,8.5,"12,134,550"
604,2019-12-13,8.67,9.1,8.6,9.01,9.01,"63,177,372"
605,2019-12-16,9.03,9.4,8.91,9.25,9.25,"55,525,761"
606,2019-12-17,9.25,10.18,9.14,9.74,9.74,"130,092,091"
607,2019-12-18,9.6,10.71,9.6,10.71,10.71,"221,791,240"
608,2019-12-19,10.55,10.56,10.14,10.21,10.21,"141,950,360"
609,2019-12-20,10.27,11.18,10.22,10.53,10.53,"174,367,290"
610,2019-12-23,10.4,10.67,10.01,10.08,10.08,"99,195,288"
611,2019-12-24,10.15,10.78,9.95,10.69,10.69,"103,664,110"
612,2019-12-25,10.55,11.76,10.43,11.46,11.46,"193,780,690"
613,2019-12-26,11.38,12.1,11.11,11.93,11.93,"188,504,120"
614,2019-12-27,11.7,12,11.09,11.09,11.09,"174,284,800"
615,2019-12-30,10.82,11.59,10.73,11.35,11.35,"124,407,620"
616,2019-12-31,11.2,11.32,11.02,11.13,11.13,"79,310,239"
617,2020-01-02,11.4,11.75,11.12,11.15,11.15,"117,110,011"
618,2020-01-03,11.15,11.3,10.93,11.04,11.04,"80,128,053"
619,2020-01-06,10.88,11.29,10.74,11.01,11.01,"78,826,688"
620,2020-01-07,11.1,11.33,11,11.26,11.26,"88,250,500"
621,2020-01-08,11.05,11.11,10.71,10.79,10.79,"79,619,483"
622,2020-01-09,10.99,11.11,10.85,10.9,10.9,"49,333,638"
623,2020-01-10,11.07,11.12,10.77,10.83,10.83,"43,899,734"
624,2020-01-13,10.68,11.08,10.41,11.06,11.06,"67,156,965"
625,2020-01-14,11.07,11.11,10.81,10.83,10.83,"53,468,907"
626,2020-01-15,10.83,10.95,10.72,10.86,10.86,"34,608,548"
627,2020-01-16,10.87,10.91,10.73,10.76,10.76,"29,721,516"
628,2020-01-17,10.85,11.17,10.82,10.88,10.88,"58,411,319"
629,2020-01-20,10.81,11.1,10.77,11.08,11.08,"50,121,856"
630,2020-01-21,11.02,11.37,10.93,11.04,11.04,"69,646,659"
631,2020-01-22,10.9,11.28,10.79,11.22,11.22,"65,510,426"
632,2020-01-23,11.1,11.14,10.25,10.57,10.57,"76,981,354"
633,2020-02-03,9.51,9.51,9.51,9.51,9.51,"6,472,300"
634,2020-02-04,8.63,9.48,8.63,9.27,9.27,"90,387,968"
635,2020-02-05,9.31,10.1,9.3,9.62,9.62,"76,185,155"
636,2020-02-06,9.56,10.3,9.53,10.19,10.19,"100,866,218"
637,2020-02-07,10.1,10.42,9.96,10.21,10.21,"87,938,583"
638,2020-02-10,10.14,10.53,10.1,10.38,10.38,"67,341,045"
639,2020-02-11,10.56,10.61,10.1,10.15,10.15,"63,514,905"
640,2020-02-12,10.07,10.5,10.03,10.49,10.49,"82,304,577"
641,2020-02-13,10.5,10.65,10.19,10.2,10.2,"68,808,639"
642,2020-02-14,10.17,10.66,10.12,10.48,10.48,"80,179,148"
643,2020-02-17,10.75,10.96,10.56,10.9,10.9,"101,802,311"
644,2020-02-18,10.8,10.92,10.63,10.72,10.72,"74,133,643"
645,2020-02-19,10.73,10.98,10.56,10.6,10.6,"85,856,516"
646,2020-02-20,10.65,11.65,10.51,11.46,11.46,"152,924,740"
647,2020-02-21,11.36,11.98,11.12,11.52,11.52,"143,776,500"
648,2020-02-24,11.27,11.97,11.27,11.66,11.66,"112,880,676"
649,2020-02-25,11.34,11.88,11.05,11.78,11.78,"135,048,410"
650,2020-02-26,11.57,12.21,11.48,11.65,11.65,"152,319,280"
651,2020-02-27,11.79,12.16,11.46,11.61,11.61,"106,762,470"
652,2020-02-28,11,11.31,10.51,10.54,10.54,"107,506,726"
653,2020-03-02,10.71,11.19,10.63,11.04,11.04,"79,646,897"
654,2020-03-03,11.29,11.54,11.03,11.19,11.19,"82,366,745"
655,2020-03-04,11.13,11.7,11.06,11.68,11.68,"97,017,143"
656,2020-03-05,11.91,12.85,11.63,12.75,12.75,"256,177,070"
657,2020-03-06,12.36,12.52,11.94,12.01,12.01,"158,813,090"
658,2020-03-09,11.7,12.27,11.43,11.79,11.79,"123,567,499"
659,2020-03-10,11.91,12.45,11.59,12.33,12.33,"134,740,270"
660,2020-03-11,12.3,12.4,11.82,11.86,11.86,"97,175,780"
661,2020-03-12,11.67,12.02,11.58,11.93,11.93,"73,595,063"
662,2020-03-13,11.35,12.1,11.15,11.95,11.95,"100,650,474"
663,2020-03-16,11.9,11.95,10.76,10.78,10.78,"99,419,793"
664,2020-03-17,11.02,11.16,10.43,10.82,10.82,"67,462,630"
665,2020-03-18,11,11.12,10.31,10.34,10.34,"69,586,229"
666,2020-03-19,10.31,10.77,10.16,10.57,10.57,"65,701,989"
667,2020-03-20,10.64,10.68,10.37,10.6,10.6,"40,196,091"
668,2020-03-23,10.18,10.45,9.86,9.98,9.98,"42,696,251"
669,2020-03-24,10.24,10.29,9.86,10.19,10.19,"43,015,365"
670,2020-03-25,10.42,10.54,10.31,10.44,10.44,"49,397,351"
671,2020-03-26,10.33,10.44,10.15,10.19,10.19,"33,965,707"
672,2020-03-27,10.33,10.57,10.22,10.24,10.24,"41,486,176"
673,2020-03-30,10.01,10.21,9.91,10.1,10.1,"29,628,766"
674,2020-03-31,10.25,10.28,10,10.01,10.01,"26,941,012"
675,2020-04-01,9.94,10.21,9.93,9.96,9.96,"27,014,401"
676,2020-04-02,9.91,10.18,9.89,10.18,10.18,"31,822,865"
677,2020-04-03,10.15,10.17,9.92,9.96,9.96,"25,231,726"
678,2020-04-07,10.17,10.34,10.1,10.26,10.26,"48,887,802"
679,2020-04-08,10.14,10.23,10.12,10.15,10.15,"27,796,748"
680,2020-04-09,10.3,10.52,10.26,10.29,10.29,"46,527,762"
681,2020-04-10,10.38,10.38,10.05,10.11,10.11,"32,034,690"
682,2020-04-13,10.1,10.25,10.02,10.1,10.1,"23,075,962"
683,2020-04-14,10.17,10.46,10.11,10.38,10.38,"40,213,783"
684,2020-04-15,10.31,10.42,10.15,10.17,10.17,"34,904,214"
685,2020-04-16,10.08,10.32,10.03,10.16,10.16,"36,433,869"
686,2020-04-17,10.21,10.28,10.1,10.11,10.11,"30,613,905"
687,2020-04-20,10.17,10.17,10.06,10.12,10.12,"22,953,810"
688,2020-04-21,10.06,10.07,9.76,9.84,9.84,"36,340,435"
689,2020-04-22,9.75,9.88,9.72,9.85,9.85,"22,180,778"
690,2020-04-23,9.91,9.91,9.7,9.71,9.71,"18,804,447"
691,2020-04-24,9.68,9.73,9.33,9.36,9.36,"29,376,055"
692,2020-04-27,9.36,9.44,9.25,9.27,9.27,"19,810,011"
693,2020-04-28,9.43,9.51,9.18,9.39,9.39,"30,281,658"
694,2020-04-29,9.31,9.5,9.3,9.44,9.44,"19,825,337"
695,2020-04-30,9.52,9.85,9.51,9.82,9.82,"46,202,456"
696,2020-05-06,9.65,9.94,9.65,9.92,9.92,"34,628,581"
697,2020-05-07,9.94,10.11,9.84,9.92,9.92,"37,713,371"
698,2020-05-08,10.04,10.4,9.94,10.18,10.18,"55,823,430"
699,2020-05-11,10.2,10.32,10.03,10.1,10.1,"32,385,287"
700,2020-05-12,10.12,10.18,9.91,10.05,10.05,"20,901,506"
701,2020-05-13,10.04,10.14,9.96,10.12,10.12,"19,973,704"
702,2020-05-14,10.02,10.05,9.91,9.93,9.93,"20,243,442"
703,2020-05-15,9.98,10.05,9.91,9.94,9.94,"16,704,920"
704,2020-05-18,9.88,9.97,9.72,9.8,9.8,"20,309,465"
705,2020-05-19,9.95,10.09,9.92,10,10,"22,312,582"
706,2020-05-20,10.03,10.03,9.85,9.9,9.9,"20,551,771"
707,2020-05-21,9.96,9.96,9.71,9.73,9.73,"17,995,621"
708,2020-05-22,9.7,9.77,9.4,9.41,9.41,"26,232,383"
709,2020-05-25,9.41,9.43,9.26,9.31,9.31,"19,253,682"
710,2020-05-26,9.36,9.53,9.34,9.52,9.52,"19,547,327"
711,2020-05-27,9.58,9.68,9.4,9.46,9.46,"19,040,320"
712,2020-05-28,9.45,10.15,9.45,9.87,9.87,"56,044,717"
713,2020-05-29,9.79,9.85,9.67,9.85,9.85,"27,328,934"
714,2020-06-01,10.43,10.55,10.18,10.35,10.35,"77,256,204"
715,2020-06-02,10.29,10.44,10.13,10.17,10.17,"52,527,886"
716,2020-06-03,10.23,10.29,9.93,9.96,9.96,"41,425,239"
717,2020-06-04,10.03,10.12,9.93,9.97,9.97,"24,164,042"
718,2020-06-05,9.96,10.16,9.9,10.12,10.12,"34,232,194"
719,2020-06-08,10.13,10.18,9.96,9.98,9.98,"21,835,289"
720,2020-06-09,10.02,10.22,9.99,10.09,10.09,"32,226,049"
721,2020-06-10,10.07,10.07,9.92,9.95,9.95,"20,482,182"
722,2020-06-11,9.87,10.05,9.78,9.82,9.82,"23,597,178"
723,2020-06-12,9.59,9.83,9.51,9.73,9.73,"26,565,634"
724,2020-06-15,9.75,9.94,9.6,9.61,9.61,"27,915,835"
725,2020-06-16,9.7,9.75,9.61,9.71,9.71,"22,789,110"
726,2020-06-17,9.72,9.75,9.6,9.71,9.71,"17,826,139"
727,2020-06-18,9.66,9.83,9.59,9.74,9.74,"29,866,532"
728,2020-06-19,9.71,10.19,9.64,10.11,10.11,"74,096,416"
729,2020-06-22,10,10.57,10,10.2,10.2,"86,329,561"
730,2020-06-23,10.16,10.26,10.07,10.25,10.25,"45,564,604"
731,2020-06-24,10.4,10.4,10.06,10.11,10.11,"44,522,177"
732,2020-06-29,9.91,9.95,9.7,9.72,9.72,"43,299,762"
733,2020-06-30,9.8,10.06,9.63,9.91,9.91,"52,808,871"
734,2020-07-01,9.91,10.9,9.88,10.9,10.9,"151,888,720"
735,2020-07-02,11.15,11.99,11.09,11.99,11.99,"202,153,710"
736,2020-07-03,13.19,13.19,13.19,13.19,13.19,"34,008,498"
737,2020-07-06,14.51,14.51,14.51,14.51,14.51,"10,228,237"
738,2020-07-07,15.96,15.96,15.96,15.96,15.96,"36,624,416"
739,2020-07-08,17.56,17.56,17.1,17.56,17.56,"210,152,080"
740,2020-07-09,19,19.32,18.7,19.32,19.32,"115,487,726"
741,2020-07-10,20.85,21.25,20.16,20.23,20.23,"506,264,310"
742,2020-07-13,19.5,20.85,18.52,19.75,19.75,"402,186,170"
743,2020-07-14,19.1,20.39,18.88,20.18,20.18,"308,306,020"
744,2020-07-15,20.1,20.67,18.86,18.99,18.99,"291,188,410"
745,2020-07-16,19.05,19.25,17.09,17.09,17.09,"243,754,640"
746,2020-07-17,17.09,17.24,15.71,16.22,16.22,"216,000,140"
747,2020-07-20,16.51,17.15,16.26,16.75,16.75,"195,163,630"
748,2020-07-21,16.89,16.89,15.89,16.35,16.35,"162,084,180"
749,2020-07-22,16.54,17.8,16.41,16.84,16.84,"245,206,670"
750,2020-07-23,16.3,17.63,16.23,17.23,17.23,"197,523,460"
751,2020-07-24,16.9,16.96,15.59,15.69,15.69,"165,009,660"
752,2020-07-27,15.8,16.1,15.28,16,16,"107,890,331"
753,2020-07-28,16.16,16.2,15.62,15.95,15.95,"84,598,105"
754,2020-07-29,15.84,17.05,15.75,16.7,16.7,"149,712,590"
755,2020-07-30,16.6,16.86,16.26,16.31,16.31,"105,638,959"
756,2020-07-31,16.22,16.89,16.14,16.52,16.52,"114,956,260"
757,2020-08-03,16.85,16.93,16.41,16.8,16.8,"120,373,530"
758,2020-08-04,16.82,16.95,16.41,16.48,16.48,"101,684,435"
759,2020-08-05,16.22,16.45,15.95,16.32,16.32,"86,251,356"
760,2020-08-06,16.4,17.95,16.28,17.7,17.7,"179,141,150"
761,2020-08-07,16.95,17.65,16.3,16.71,16.71,"169,459,700"
762,2020-08-10,16.38,17.12,16.21,16.53,16.53,"112,594,197"
763,2020-08-11,16.41,16.82,15.84,15.94,15.94,"98,551,287"
764,2020-08-12,15.75,15.87,15.06,15.41,15.41,"90,394,133"
765,2020-08-13,15.46,15.78,15.15,15.4,15.4,"73,051,580"
766,2020-08-14,15.2,15.57,15.12,15.47,15.47,"57,755,365"
767,2020-08-17,15.86,16.85,15.71,16.38,16.38,"137,066,230"
768,2020-08-18,16.2,16.37,16,16.1,16.1,"84,900,853"
769,2020-08-19,16.01,16.16,15.51,15.59,15.59,"69,635,598"
770,2020-08-20,15.31,15.45,15.13,15.21,15.21,"54,581,291"
771,2020-08-21,15.38,15.58,15.01,15.28,15.28,"60,586,216"
772,2020-08-24,15.27,15.37,14.74,14.98,14.98,"69,960,358"
773,2020-08-25,14.96,15.13,14.6,14.7,14.7,"66,367,677"
774,2020-08-26,14.7,15.07,14.56,14.69,14.69,"85,951,773"
775,2020-08-27,14.63,14.9,14.41,14.9,14.9,"63,979,631"
776,2020-08-28,14.85,15.27,14.7,15.19,15.19,"84,935,482"
777,2020-08-31,15.49,15.67,14.88,14.88,14.88,"92,871,719"
778,2020-09-01,15,15.18,14.88,15.15,15.15,"50,426,200"
779,2020-09-02,15.12,15.55,14.99,15.3,15.3,"69,635,801"
780,2020-09-03,15.31,15.69,15.16,15.29,15.29,"71,423,719"
781,2020-09-04,14.95,15.28,14.88,15.1,15.1,"44,662,978"
782,2020-09-07,15.04,15.65,15.03,15.14,15.14,"92,910,036"
783,2020-09-08,15.2,15.52,14.69,15.32,15.32,"83,097,366"
784,2020-09-09,15.06,15.17,14.68,14.69,14.69,"60,968,276"
785,2020-09-10,14.88,14.9,13.92,13.97,13.97,"61,370,013"
786,2020-09-11,13.85,14.03,13.61,13.99,13.99,"49,141,502"
787,2020-09-14,13.99,14.27,13.92,14.08,14.08,"37,929,465"
788,2020-09-15,14.07,14.21,13.95,14.12,14.12,"30,484,891"
789,2020-09-16,14.1,14.4,13.9,13.99,13.99,"46,041,445"
790,2020-09-17,13.92,14.15,13.73,13.99,13.99,"42,364,921"
791,2020-09-18,14,15.39,13.93,15.39,15.39,"128,011,310"
792,2020-09-21,16.93,16.93,15.94,16.08,16.08,"286,720,960"
793,2020-09-22,15.8,16.98,15.58,16.24,16.24,"234,331,760"
794,2020-09-23,16.01,16.16,15.63,15.72,15.72,"117,910,897"
795,2020-09-24,15.52,16.45,15.51,15.93,15.93,"121,432,925"
796,2020-09-25,16.17,17.49,16.17,16.95,16.95,"197,489,260"
797,2020-09-28,16.51,16.98,16.46,16.74,16.74,"99,987,858"
798,2020-09-29,16.98,17.87,16.95,17.28,17.28,"141,652,480"
799,2020-09-30,17.1,17.78,16.78,17.71,17.71,"132,453,141"
800,2020-10-09,18.39,18.5,17.16,17.82,17.82,"145,835,910"
801,2020-10-12,17.57,18.44,17.5,17.96,17.96,"158,043,730"
802,2020-10-13,17.23,17.3,16.3,16.58,16.58,"161,358,980"
803,2020-10-14,16.56,16.73,16.3,16.41,16.41,"73,613,653"
804,2020-10-15,16.36,16.73,16.35,16.36,16.36,"57,524,712"
805,2020-10-16,16.4,16.53,16.15,16.49,16.49,"55,665,458"
806,2020-10-19,16.49,16.65,16.15,16.17,16.17,"54,733,054"
807,2020-10-20,16,16.38,15.76,16.38,16.38,"48,935,382"
808,2020-10-21,16.28,16.44,16.11,16.18,16.18,"39,216,908"
809,2020-10-22,16.15,16.77,16.06,16.6,16.6,"71,020,467"
810,2020-10-23,16.53,16.66,16,16.02,16.02,"54,967,675"
811,2020-10-26,15.73,15.74,14.7,14.8,14.8,"93,333,902"
812,2020-10-27,14.7,14.89,14.52,14.85,14.85,"50,306,906"
813,2020-10-28,14.85,14.94,14.65,14.82,14.82,"40,073,678"
814,2020-10-29,14.55,15.79,14.46,15.46,15.46,"81,332,559"
815,2020-10-30,15.3,15.47,14.82,14.86,14.86,"53,870,578"
816,2020-11-02,14.88,15.4,14.6,14.85,14.85,"51,425,457"
817,2020-11-03,14.81,15.38,14.76,15.12,15.12,"54,642,231"
818,2020-11-04,15.1,15.19,14.81,14.97,14.97,"40,499,356"
819,2020-11-05,15.2,15.51,15.13,15.24,15.24,"52,616,127"
820,2020-11-06,15.25,15.95,15.2,15.66,15.66,"96,062,296"
821,2020-11-09,15.88,16.65,15.2,16.28,16.28,"114,147,974"
822,2020-11-10,16.27,16.27,15.73,15.78,15.78,"70,164,674"
823,2020-11-11,15.76,15.88,15.42,15.45,15.45,"44,351,413"
824,2020-11-12,15.55,15.76,15.34,15.57,15.57,"37,344,555"
825,2020-11-13,15.5,15.5,15.24,15.27,15.27,"33,584,806"
826,2020-11-16,15.41,15.51,15.08,15.22,15.22,"31,816,809"
827,2020-11-17,15.27,15.62,15.08,15.61,15.61,"45,133,674"
828,2020-11-18,15.65,16.3,15.65,15.84,15.84,"77,817,207"
829,2020-11-19,15.65,16.21,15.31,16.09,16.09,"68,381,347"
830,2020-11-20,16,16.39,15.94,16.08,16.08,"52,398,074"
831,2020-11-23,15.95,16.85,15.76,16.37,16.37,"109,667,428"
832,2020-11-24,16.25,16.36,16,16.03,16.03,"58,791,111"
833,2020-11-25,16.21,16.34,15.64,15.66,15.66,"56,005,000"
834,2020-11-26,15.65,15.88,15.47,15.78,15.78,"40,702,946"
835,2020-11-27,15.71,16.56,15.7,16.5,16.5,"106,627,955"
836,2020-11-30,16.56,17.18,16.2,16.49,16.49,"152,893,020"
837,2020-12-01,16.21,17.1,16.13,16.84,16.84,"120,009,189"
838,2020-12-02,16.82,17.1,16.55,16.68,16.68,"92,004,728"
839,2020-12-03,16.61,16.8,16.39,16.5,16.5,"61,130,326"
840,2020-12-04,16.42,16.44,16.1,16.28,16.28,"44,587,643"
841,2020-12-07,16.25,16.65,16.2,16.2,16.2,"48,163,585"
842,2020-12-08,16.11,16.39,16.06,16.22,16.22,"39,196,781"
843,2020-12-09,16.25,16.42,15.16,15.17,15.17,"82,969,778"
844,2020-12-10,15.08,15.3,14.81,15.17,15.17,"61,193,907"
845,2020-12-11,15.03,15.16,14.71,14.91,14.91,"56,810,138"
846,2020-12-14,14.94,15.04,14.71,14.84,14.84,"29,486,220"
847,2020-12-15,14.86,15.24,14.81,15.08,15.08,"38,033,281"
848,2020-12-16,14.95,15.12,14.86,14.9,14.9,"29,908,694"
849,2020-12-17,14.84,15.34,14.71,15.25,15.25,"55,451,985"
850,2020-12-18,15.21,15.33,14.95,15.02,15.02,"36,573,082"
851,2020-12-21,14.88,15.2,14.83,15.01,15.01,"36,523,587"
852,2020-12-22,14.97,15.06,14.09,14.1,14.1,"69,392,832"
853,2020-12-23,14.15,14.35,14.03,14.19,14.19,"44,581,882"
854,2020-12-24,14.19,14.34,13.81,13.88,13.88,"35,208,441"
855,2020-12-25,13.7,14.12,13.63,14.02,14.02,"38,760,426"
856,2020-12-28,13.91,14.22,13.82,13.97,13.97,"32,392,320"
857,2020-12-29,14.02,14.28,13.83,13.87,13.87,"43,121,259"
858,2020-12-30,13.8,14.21,13.69,14.21,14.21,"44,469,573"
859,2020-12-31,14.33,15.37,14.32,15.3,15.3,"117,459,370"
860,2021-01-04,15.45,15.54,14.97,15.17,15.17,"84,167,536"
861,2021-01-05,15.04,15.28,14.82,15.12,15.12,"65,305,703"
862,2021-01-06,15.16,15.32,14.7,14.89,14.89,"53,301,550"
863,2021-01-07,14.88,15.03,14.51,14.96,14.96,"50,769,482"
864,2021-01-08,14.9,15.06,14.73,14.79,14.79,"31,940,544"
865,2021-01-11,14.95,15.04,14.34,14.47,14.47,"43,946,688"
866,2021-01-12,14.3,15.1,13.99,14.99,14.99,"85,856,164"
867,2021-01-13,14.9,14.96,14.16,14.19,14.19,"65,428,819"
868,2021-01-14,14.1,14.3,13.9,13.9,13.9,"43,997,936"
869,2021-01-15,13.89,14.11,13.83,13.96,13.96,"27,503,900"
870,2021-01-18,13.98,14.15,13.95,14,14,"31,127,570"
871,2021-01-19,13.98,14.17,13.88,13.95,13.95,"31,676,464"
872,2021-01-20,13.93,14.05,13.9,13.94,13.94,"24,865,006"
873,2021-01-21,14.02,14.58,14,14.25,14.25,"63,939,453"
874,2021-01-22,14.12,14.17,13.71,13.82,13.82,"54,050,369"
875,2021-01-25,13.84,13.89,13.52,13.54,13.54,"42,222,136"
876,2021-01-26,13.5,13.5,12.87,12.91,12.91,"51,415,390"
877,2021-01-27,13.11,13.74,13.11,13.31,13.31,"59,017,285"
878,2021-01-28,13,13.46,12.91,13.32,13.32,"42,745,299"
879,2021-01-29,13.36,13.54,13,13.24,13.24,"34,117,996"
880,2021-02-01,13.3,13.39,13.07,13.12,13.12,"24,584,404"
881,2021-02-02,13.12,13.49,13.06,13.43,13.43,"35,199,335"
882,2021-02-03,13.3,13.44,13.11,13.19,13.19,"27,484,054"
883,2021-02-04,13.13,13.39,12.81,12.9,12.9,"35,343,100"
884,2021-02-05,12.97,13.05,12.13,12.23,12.23,"47,522,956"
885,2021-02-08,12.2,12.51,12.18,12.37,12.37,"30,812,838"
886,2021-02-09,12.4,12.94,12.22,12.91,12.91,"39,858,286"
887,2021-02-10,12.99,13.08,12.72,12.89,12.89,"28,075,039"
888,2021-02-18,13.2,13.48,13.05,13.16,13.16,"38,833,768"
889,2021-02-19,13.25,13.46,13.17,13.42,13.42,"36,857,516"
890,2021-02-22,13.38,13.58,12.99,13,13,"57,467,778"
891,2021-02-23,12.91,13.14,12.86,12.9,12.9,"31,218,806"
892,2021-02-24,12.94,13.09,12.67,12.82,12.82,"32,980,259"
893,2021-02-25,12.88,13,12.73,12.85,12.85,"25,938,392"
894,2021-02-26,12.7,12.84,12.55,12.58,12.58,"28,532,381"
895,2021-03-01,12.68,12.9,12.58,12.9,12.9,"27,730,705"
896,2021-03-02,12.83,12.97,12.64,12.66,12.66,"23,461,482"
897,2021-03-03,12.62,12.91,12.61,12.83,12.83,"21,799,738"
898,2021-03-04,12.79,12.82,12.49,12.55,12.55,"26,890,912"
899,2021-03-05,12.52,13.69,12.5,13.29,13.29,"86,945,977"
900,2021-03-08,13.36,13.58,13.07,13.08,13.08,"66,351,710"
901,2021-03-09,13.02,13.2,12.6,12.82,12.82,"49,208,804"
902,2021-03-10,12.9,13.18,12.63,13.08,13.08,"46,217,831"
903,2021-03-11,13.02,13.45,12.95,13.43,13.43,"53,746,719"
904,2021-03-12,13.33,14.07,13.18,13.56,13.56,"76,281,015"
905,2021-03-15,13.31,13.4,13.01,13.14,13.14,"43,853,552"
906,2021-03-16,13.1,13.21,12.94,13.14,13.14,"24,687,968"
907,2021-03-17,13.11,13.43,13.05,13.33,13.33,"36,780,680"
908,2021-03-18,13.43,13.53,13.18,13.19,13.19,"47,043,724"
909,2021-03-19,13.04,13.22,12.92,12.97,12.97,"33,890,298"
910,2021-03-22,12.95,13.3,12.95,13.14,13.14,"33,288,960"
911,2021-03-23,13.1,13.5,13.03,13.33,13.33,"50,258,267"
912,2021-03-24,13.28,13.95,13.24,13.55,13.55,"77,377,152"
913,2021-03-25,13.43,13.84,13.33,13.4,13.4,"44,545,403"
914,2021-03-26,13.42,13.51,13.25,13.41,13.41,"31,930,363"
915,2021-03-29,13.36,13.45,13.22,13.3,13.3,"26,998,687"
916,2021-03-30,13.31,13.44,13.21,13.24,13.24,"24,982,639"
917,2021-03-31,13.21,13.27,12.71,12.8,12.8,"41,285,134"
